file,title,description
Comics/BirchWards/WardIssue1SHORTPillage1.jpg,,
Comics/BirchWards/WardIssue1SHORTPillage10.jpg,,
Comics/BirchWards/WardIssue1SHORTPillage11.jpg,,
Comics/BirchWards/WardIssue1SHORTPillage12.jpg,,
Comics/BirchWards/WardIssue1SHORTPillage13.jpg,,
Comics/BirchWards/WardIssue1SHORTPillage14.jpg,,
Comics/BirchWards/WardIssue1SHORTPillage15.jpg,,
Comics/BirchWards/WardIssue1SHORTPillage16.jpg,,
Comics/BirchWards/WardIssue1SHORTPillage17.jpg,,
Comics/BirchWards/WardIssue1SHORTPillage18.jpg,,
Comics/BirchWards/WardIssue1SHORTPillage19.jpg,,
Comics/BirchWards/WardIssue1SHORTPillage2.jpg,,
Comics/BirchWards/WardIssue1SHORTPillage20.jpg,,
Comics/BirchWards/WardIssue1SHORTPillage21.jpg,,
Comics/BirchWards/WardIssue1SHORTPillage22.jpg,,
Comics/BirchWards/WardIssue1SHORTPillage23.jpg,,
Comics/BirchWards/WardIssue1SHORTPillage24.jpg,,
Comics/BirchWards/WardIssue1SHORTPillage25.jpg,,
Comics/BirchWards/WardIssue1SHORTPillage26.jpg,,
Comics/BirchWards/WardIssue1SHORTPillage27.jpg,,
Comics/BirchWards/WardIssue1SHORTPillage28.jpg,,
Comics/BirchWards/WardIssue1SHORTPillage29.jpg,,
Comics/BirchWards/WardIssue1SHORTPillage3.jpg,,
Comics/BirchWards/WardIssue1SHORTPillage30.jpg,,
Comics/BirchWards/WardIssue1SHORTPillage35.jpg,,
Comics/BirchWards/WardIssue1SHORTPillage36.jpg,,
Comics/BirchWards/WardIssue1SHORTPillage37.jpg,,
Comics/BirchWards/WardIssue1SHORTPillage38.jpg,,
Comics/BirchWards/WardIssue1SHORTPillage39.jpg,,
Comics/BirchWards/WardIssue1SHORTPillage40.jpg,,
Comics/BirchWards/WardIssue1SHORTPillage41.jpg,,
Comics/BirchWards/WardIssue1SHORTPillage42.jpg,,
Comics/BirchWards/WardIssue1SHORTPillage43.jpg,,
Comics/BirchWards/WardIssue1SHORTPillage48.jpg,,
Comics/BirchWards/WardIssue1SHORTPillage6.jpg,,
Comics/BirchWards/WardIssue1SHORTPillage7.jpg,,
Comics/BirchWards/WardIssue1SHORTPillage8.jpg,,
Comics/BirchWards/WardIssue1SHORTPillage9.jpg,,
Comics/Foxglove/Foxglove1.jpg,,
Comics/Foxglove/Foxglove2.jpg,,
Comics/Foxglove/Foxglove3.jpg,,
Comics/Foxglove/Foxglove4.jpg,,
Comics/Foxglove/Foxglove5.jpg,,
Comics/Foxglove/Foxglove6.jpg,,
Comics/Foxglove/Foxglove7.jpg,,
Comics/Foxglove/Foxglove8.jpg,,
Comics/Mire/Mire_0.jpg,,
Comics/Mire/Mire_1.jpg,,
Comics/Mire/Mire_2.jpg,,
Comics/Mire/Mire_3.jpg,,
Comics/Mire/Mire_4.jpg,,
Comics/Mire/Mire_5.jpg,,
Comics/SpreadTest/1.jpg,,
Comics/SpreadTest/2.jpg,,
Comics/Tour/Tour_0.jpg,,
Comics/Tour/Tour_1.jpg,,
Comics/Tour/Tour_10.jpg,,
Comics/Tour/Tour_11.jpg,,
Comics/Tour/Tour_12.jpg,,
Comics/Tour/Tour_13.jpg,,
Comics/Tour/Tour_14.jpg,,
Comics/Tour/Tour_15.jpg,,
Comics/Tour/Tour_2.jpg,,
Comics/Tour/Tour_3.jpg,,
Comics/Tour/Tour_4.jpg,,
Comics/Tour/Tour_5.jpg,,
Comics/Tour/Tour_6.jpg,,
Comics/Tour/Tour_7.jpg,,
Comics/Tour/Tour_8.jpg,,
Comics/Tour/Tour_9.jpg,,
Comics/Unboxifying/page1.png,,
Comics/Unboxifying/page2.png,,
Comics/Unboxifying/page3.png,,
Comics/Unboxifying/page4.png,,
Drawings/BirchWardsRiso.jpg,,
Drawings/Extra Protection for Double Trouble.jpg,,
Drawings/Medusamom_b.jpg,,
Drawings/Pissdrawing.jpg,,
Drawings/Pokerchip.jpg,,
Drawings/Poppler.jpg,,
Drawings/Screamers.jpg,,
Drawings/Yhivi_a.jpg,,
Drawings/Yhivi_b.jpg,,
Drawings/bandanna.jpeg,,
Drawings/chipmunk_a.jpg,,
Drawings/chipmunk_b.jpg,,
Drawings/chipmunk_c.jpg,,
Drawings/medusaMom_a.jpg,,
Drawings/richardsonLogo.png,,
Drawings/s-l1600.jpg,,
Drawings/zRosenLogo.jpg,,
